{
  "survival_time": 1.8,
  "survival_rate": 0.0,
  "average_gain": 54.333333333333336,
  "individual_gains": {
    "total": 163.0,
    "Liam": 40.0,
    "Isabella": 30.0,
    "Olivia": 27.0,
    "Ethan": 34.0,
    "Jake": 32.0
  },
  "efficiency": 27.166666666666668,
  "equality": 61.21986531986532,
  "over_usage": 90.0
}