{
  "survival_time": 10.0,
  "survival_rate": 80.0,
  "average_gain": 136.8,
  "individual_gains": {
    "Olivia": 80.2,
    "Ethan": 83.2,
    "Ava": 82.8,
    "Noah": 80.0,
    "Sophia": 84.2,
    "total": 410.4
  },
  "efficiency": 68.4,
  "equality": 65.50637412300011,
  "over_usage": 98.33333333333333,
  "running_time_seconds": 953.0291585922241
}