{
  "survival_time": 1.0,
  "survival_rate": 0.0,
  "average_gain": 33.66666666666667,
  "individual_gains": {
    "Sophia": 20.0,
    "Ava": 21.0,
    "Ethan": 20.0,
    "total": 101.0,
    "Emma": 20.0,
    "Olivia": 20.0
  },
  "efficiency": 16.833333333333332,
  "equality": 66.34920634920636,
  "over_usage": 100.0
}