{
  "survival_time": 12.0,
  "survival_rate": 100.0,
  "average_gain": 108.6,
  "individual_gains": {
    "total": 325.8,
    "Ava": 67.0,
    "Olivia": 64.4,
    "Sophia": 65.0,
    "Mason": 64.4,
    "Emma": 65.0
  },
  "efficiency": 54.3,
  "equality": 65.94456747637653,
  "over_usage": 8.333333333333332,
  "running_time_seconds": 1430.3913984298706
}